model,test_rmse,test_mae,test_r2
Ridge_handcrafted,5.760308613432499,4.344409654329739,0.02234244060061219
RF_handcrafted,5.68921157638516,4.305819095657168,0.04632712722050614
End_to_end_CNN,6.263318329299623,4.441872596740723,-0.15585720539093018
Ridge_on_CNN_Embeddings,5.5052900016547115,4.146677494049072,0.10699141025543213
RF_on_CNN_Embeddings,5.378241439121988,4.007154428714793,0.14773270183351905
