model,test_rmse,test_mae,test_r2
End_to_end_CNN,5.229239473823181,3.9064681565394523,0.07561820282744358
Ridge_on_CNN_Embeddings,5.158011062753869,3.868041869787665,0.10062903754693242
RF_on_CNN_Embeddings,5.108437811923532,3.8548918647439354,0.11783353419994225
