feature,importance
std_brightness,0.1950003860455011
mean_brightness,0.1847823673683465
p25_brightness,0.12946155497826528
bright_pixel_share,0.11142642414364996
zero_pixel_share,0.07923109819353746
lit_pixel_share,0.07595586782997864
median_brightness,0.0708455025648665
nonzero_pixel_share,0.06141277544027403
max_brightness,0.061121891956208714
p75_brightness,0.023072330891955407
p90_brightness,0.004008080523059168
p95_brightness,0.0036817200643571545
